{
  "like1":
  {
    "bboxes": [
      [
        0.14230019493177387,
        0.41228070175438597,
        0.42300194931773877,
        0.40131578947368424
      ]
    ],
    "labels": [
      "like"
    ]
  },

  "like2":
  {
    "bboxes": [
      [
        0.6023391812865497,
        0.32127192982456143,
        0.25,
        0.2565789473684211
      ]
    ],
    "labels": [
      "like"
    ]
  },

  "like3":
  {
    "bboxes": [
      [
        0.45614035087719296,
        0.6085526315789473,
        0.39571150097465885,
        0.26973684210526316
      ]
    ],
    "labels": [
      "like"
    ]
  },

  "dislike1":
  {
    "bboxes": [
      [
        0.13255360623781676,
        0.42214912280701755,
        0.3333333333333333,
        0.29714912280701755
      ]
    ],
    "labels": [
      "dislike"
    ]
  },

  "dislike2":
  {
    "bboxes": [
      [
        0.5614035087719298,
        0.32127192982456143,
        0.341130604288499,
        0.25877192982456143
      ]
    ],
    "labels": [
      "dislike"
    ]
  },

  "dislike3":
  {
    "bboxes": [
      [
        0.31189083820662766,
        0.4692982456140351,
        0.2378167641325536,
        0.19407894736842105
      ]
    ],
    "labels": [
      "dislike"
    ]
  },

  "peace1":
  {
    "bboxes": [
      [
        0.017543859649122806,
        0.39144736842105265,
        0.36062378167641324,
        0.3223684210526316
      ]
    ],
    "labels": [
      "peace"
    ]
  },

  "peace2":
  {
    "bboxes": [
      [
        0.0,
        0.1074561403508772,
        0.44834307992202727,
        0.48793859649122806
      ]
    ],
    "labels": [
      "peace"
    ]
  },

  "peace3":
  {
    "bboxes": [
      [
        0.6471734892787524,
        0.22149122807017543,
        0.28460038986354774,
        0.2149122807017544
      ]
    ],
    "labels": [
      "peace"
    ]
  },

  "rock1":
  {
    "bboxes": [
      [
        0.03508771929824561,
        0.46600877192982454,
        0.37037037037037035,
        0.25219298245614036
      ]
    ],
    "labels": [
      "rock"
    ]
  },

  "rock2":
  {
    "bboxes": [
      [
        0.009746588693957114,
        0.08771929824561403,
        0.6744639376218323,
        0.5252192982456141
      ]
    ],
    "labels": [
      "rock"
    ]
  },

  "rock3":
  {
    "bboxes": [
      [
        0.10331384015594541,
        0.3958333333333333,
        0.28654970760233917,
        0.16666666666666666
      ]
    ],
    "labels": [
      "rock"
    ]
  },

  "stop1":
  {
    "bboxes": [
      [
        0.24561403508771928,
        0.4024122807017544,
        0.23976608187134502,
        0.19736842105263158
      ]
    ],
    "labels": [
      "stop"
    ]
  },

  "stop2":
  {
    "bboxes": [
      [
        0.023391812865497075,
        0.30153508771929827,
        0.3391812865497076,
        0.34539473684210525
      ]
    ],
    "labels": [
      "stop"
    ]
  },

  "stop3":
  {
    "bboxes": [
      [
        0.5886939571150097,
        0.5942982456140351,
        0.3313840155945419,
        0.24561403508771928
      ]
    ],
    "labels": [
      "stop"
    ]
  }
}






